1;VW Gol;Basico;2020;true;
2;VW Gol;Basico;2021;true;
3;VW Gol;Basico;2022;true;
4;GM Onix;Basico;2021;true;
5;GM Onix;Basico;2022;true;
6;GM Onix;Basico;2023;true;
7;VW Virtus;Intermediario;2021;true;
8;VW Virtus;Intermediario;2022;true;
9;VW Virtus;Intermediario;2023;true;
10;Honda Civic;Intermediario;2020;true;
11;Honda Civic;Intermediario;2022;true;
12;Honda Civic;Intermediario;2023;true;
13;Porsche 911;Luxo;2023;true;
14;Ferrari F8;Luxo;2023;true;
15;Lamborghini Aventador;Luxo;2023;true;
16;Ford Mustang;Luxo;2023;true;
